data_element_code,outcome,sap_sector,n,value
EDU.007,education,safety,7852,37033
EDU.094,education,safety,1359,6091
EDU.101,education,safety,4832,51289
EDU.102,education,education,9060,62343
EDU.102,education,NA,906,1409
ENH.034,health - environmental health,health,906,6268.319272133403
ENH.037,health - environmental health,wellbeing,2567,24349
EWB.031,erd,wellbeing,906,1873
EWB.033,erd,wellbeing,906,1620
EWB.035,erd,wellbeing,151,106
EWB.040,erd,wellbeing,9060,241137.23178807946
EWB.042,erd,wellbeing,1510,13197.728476821192
EWB.044,erd,wellbeing,302,159.97350993377484
EWB.054,erd,wellbeing,1510,1014
EWB.055,erd,wellbeing,2265,7790
EWB.056,erd,wellbeing,2416,2765
EWB.082,erd,wellbeing,2416,19220.920529801326
EWB.083,erd,wellbeing,302,170.17218543046357
EWB.084,erd,wellbeing,4379,13843
GBV.002,women's protection & empowerment,wellbeing,5738,18140.572477712813
GBV.004,women's protection & empowerment,safety,10872,182995
GBV.021,women's protection & empowerment,safety,7399,22381
GBV.022,women's protection & empowerment,safety,2416,684
NUT.005,health - nutrition,health,1510,304
NUT.006,health - nutrition,health,1812,1067
NUT.058,health - nutrition,health,151,32.24646197174772
PHC.031,health - primary health care,health,302,651.5912513827682
PHC.037,health - primary health care,health,7550,175734.52023154116
PHC.050,health - primary health care,health,16761,10103.586791101266
PHC.078,health - primary health care,health,6040,84069.23698138662
PHC.079,health - primary health care,health,3624,12815
PHC.pop,health - catchment,health_catchment,7550,8448894.505075503
POW.053,education,power,302,153
POW.053,governance,power,1510,133
POW.054,health - primary health care,power,604,5184
POW.055.cp,child protection,power,2416,1011
POW.055.ew,erd,power,1510,122
POW.055.gv,governance,power,604,88
POW.055.gv,systems strengthening /governance,power,302,46
POW.055.pl,protection rule of law,power,2718,1160
POW.055.wp,women's protection & empowerment,power,2718,1205
POW.056,health - primary health care,power,151,15
POW.069,protection rule of law,wellbeing,1208,3819
POW.078,protection rule of law,power,302,52
POW.081,governance,power,151,4
POW.082,women's protection & empowerment,power,302,53
SHC.002,protection rule of law,power,3322,201123
SHC.003,protection rule of law,power,1661,9417
SHC.004,protection rule of law,power,4228,56309
SHC.007,protection rule of law,power,1812,2309
SHC.013,protection rule of law,safety,2416,44377
SHC.033,women's protection & empowerment,power,906,1234
SHC.037,protection rule of law,safety,906,637
SHC.045,women's protection & empowerment,safety,2114,2855.672363956634
SHC.046,women's protection & empowerment,safety,3624,13788.77785504639
SHC.047,child protection,safety,6342,11657
SHC.065,women's protection & empowerment,safety,302,30
SHC.905,child protection,safety,1812,6983
SHC.905,women's protection & empowerment,safety,604,1486
SHC.906,child protection,safety,1208,3957
SIC.004,protection rule of law,safety,604,443
SIC.009,protection rule of law,power,6342,116141.18978818326
SIC.018,women's protection & empowerment,safety,604,2363
SRH.001,health - sexual & reproductive health,health,4379,78751.12742676231
SRH.021,health - sexual & reproductive health,health,2114,4158.366848852714
SRH.028,health - sexual & reproductive health,health,1812,18442.654452979412
